-- phpMyAdmin SQL Dump
-- version 5.2.1
-- https://www.phpmyadmin.net/
--
-- Host: 127.0.0.1
-- Tempo de geração: 03/07/2024 às 01:07
-- Versão do servidor: 10.4.32-MariaDB
-- Versão do PHP: 8.2.12

SET SQL_MODE = "NO_AUTO_VALUE_ON_ZERO";
START TRANSACTION;
SET time_zone = "+00:00";


/*!40101 SET @OLD_CHARACTER_SET_CLIENT=@@CHARACTER_SET_CLIENT */;
/*!40101 SET @OLD_CHARACTER_SET_RESULTS=@@CHARACTER_SET_RESULTS */;
/*!40101 SET @OLD_COLLATION_CONNECTION=@@COLLATION_CONNECTION */;
/*!40101 SET NAMES utf8mb4 */;

--
-- Banco de dados: `campus_coin`
--

-- --------------------------------------------------------

--
-- Estrutura para tabela `comments`
--

CREATE TABLE `comments` (
  `id` int(11) NOT NULL,
  `userid` int(11) NOT NULL,
  `datetime` datetime NOT NULL DEFAULT current_timestamp(),
  `videoid` int(11) NOT NULL,
  `comment` longtext NOT NULL,
  `likes` int(11) NOT NULL
) ENGINE=InnoDB DEFAULT CHARSET=utf8mb4 COLLATE=utf8mb4_general_ci;

--
-- Despejando dados para a tabela `comments`
--

INSERT INTO `comments` (`id`, `userid`, `datetime`, `videoid`, `comment`, `likes`) VALUES
(7, 4, '2024-07-02 18:43:07', 1, 'd', 4),
(9, 4, '2024-07-02 18:54:40', 1, '123', 2),
(10, 4, '2024-07-02 18:55:14', 1, 'Chama', 2),
(11, 4, '2024-07-02 18:56:33', 1, '123', 2),
(12, 4, '2024-07-02 18:58:35', 1, '1234', 2),
(13, 4, '2024-07-02 18:59:24', 1, 'as', 2),
(14, 4, '2024-07-02 19:01:34', 1, 'abc', 2),
(16, 4, '2024-07-02 19:02:21', 1, 'abhcd', 2),
(17, 4, '2024-07-02 19:02:31', 1, 'abcde', 2),
(18, 4, '2024-07-02 19:02:36', 1, 'fgc', 2),
(19, 6, '2024-07-02 19:05:21', 1, 'Opa', 2),
(20, 6, '2024-07-02 19:10:29', 1, 'teste', 2),
(21, 6, '2024-07-02 19:29:31', 2, 'Top', 0),
(22, 6, '2024-07-02 19:31:00', 2, 'Muito bom', 0);

-- --------------------------------------------------------

--
-- Estrutura para tabela `users`
--

CREATE TABLE `users` (
  `id` int(11) NOT NULL,
  `name` varchar(255) NOT NULL,
  `email` varchar(255) NOT NULL,
  `password` varchar(32) NOT NULL,
  `avatar` longtext NOT NULL
) ENGINE=InnoDB DEFAULT CHARSET=utf8mb4 COLLATE=utf8mb4_general_ci;

--
-- Despejando dados para a tabela `users`
--

INSERT INTO `users` (`id`, `name`, `email`, `password`, `avatar`) VALUES
(1, 'jj', 'jj@teste.com', '202cb962ac59075b964b07152d234b70', ''),
(2, 'Teste 1', 't1@teste.com', '202cb962ac59075b964b07152d234b70', ''),
(3, 'Teste 1', 't2@teste.com', '202cb962ac59075b964b07152d234b70', ''),
(4, 'ds', 'ds@ds', '202cb962ac59075b964b07152d234b70', ''),
(5, 'ds', 'ds@dss', '202cb962ac59075b964b07152d234b70', 'data:image/png;base64,iVBORw0KGgoAAAANSUhEUgAAANAAAADyCAMAAAALHrt7AAABXFBMVEX/////4LRrRzLUj17+1aUcKUI5R17vvoWcZ0bQ2dRoRTH/4bWZZUX/16dwSjTuvIJ6UTj/5rlkPSSKWz/RiVdiOR6TYUKCVjtoQiz/3KvZkl5kPCOEVzxbLgleMhNhOyf08vGGbF/uuXvyxI4AACybh33s6Oe0pp+snJTSiFIkQF4nNEwwRF67r6mPeGzIvrnb1NGBZVdbNCDduJDpybW/gFX0zKAAACUAAC4UIz4uO1NxTzyDaFp5WkpYKADHvLeVf3XCo4GOak+vkHH45M/77uH117bdqIWXXjnZnXXby8Pz4dfmr3mvs7qudE7otogAHkCvfF7SspmAipJNDwCGUCzoyqGxknOcfGDBooDWt5KCXkW4nIXz0av/8d3/58a8j2qwiXPFq5y1iGXu1cbjuJ26vsR0YF5fVl5RXG9vdICZcl5pUEubn6ZeSkoeIjl3fIett7d7dXNAP0fERi87AAARLklEQVR4nN2d+1vbOBaGc4/rBMe5mxAScwukBZpCSUuBAi0t0BvQzjCdMsxMZ9ru9LY7u/v/P89K8iWyLdlycKSw3w8tkJTozTnn05Fkp7FYdNI7Kzs7M6urq9s7icTW9sJKL8JfLkor0xpQAkjTStXp1V3/p+tcBnUldbYQjimtOr3QoT/Z77HxkYMIME3P0FKv98O1AIo5gSDSqk5+Yut6AHWmEx4kUi0tTl0ToNhi1U2UaO2hR3ScoJqoXhcf3HJnXSIxtYMeWV21kW4DoNvChhhOt70hSmiIqDdte8SMligtihyln/Rer6Nj3295gQwivQUKag89B1SatipgrIxaefhwempm6bZufDdFICrtgUda8AuI1oNRrAoccaBWqwnYHGzDuui0CECJ1m0YIUh0x2RujbUrLKHBatXSincuMlS1SEursaUS/HtJ9KAJGrzJi2Zcqjv6KpGoumvZRWnGeEZJ4MBpwgp7ySwdrbrjJJGhoAksldAXsHc1EcUNnKLeNvbNjjcwAECpl2uW8vlaWU0YUAhM2MBpWtzDvum5JyAIU66rijyQopZr+bJiIk2NXRXNLODfOe1aVut1RR6Eww5aop6vqcaPp8fN6B463uI7eM4pquJmGTAptZrxaFUXNHKyOk4gfNAKFcfMxloZPkHbEjV2l4wu83YLb1962ISqJHx5IFI9rySsLk+8jMZyqYS3L1vujPNnkpU8jCJsHMZARqbc0aZWrJ/otmsjM1NV4HBqABOKUWlGGMVA+g/or+mBT620LB61WQaCf9QkqemfevnEmBD1HkIOVDStpY7eWUlYc5BSV/Fpp5lv+hEpNfjoGGTdbgtOQKg3k9UfWy1sBgIQeKHITcnH7+R63fA6XTDQ4tQU/LNkEMCpXx5MoXLZMWZF8gmSXEN/aaI3GBbQCNAiAAUpny/Xm3XFGmbZSSCV6USqSftQbKO6qmnbAyDYzqhYYyDXVVcY6ERyzXxoWmhfB5ocsN5cJK21HaO0vi/XqW1Q04prVeQeA+zatmLPCPs7JoDi+kFeIT8zgeXn1HbwC49KMxqaPoibB1Cq2weUPDVEg3QUaN8LGnr9HcogPTkHhq2SnwmbJPtLcVOsYdjkzRADyDNslhAlqgvBrz0SkXZH/QNiVRGhllTsuS1B7k3eesMH6TZqsydIEDJPxi1wWhdDFASUcBeR2bbJpK4Bq6KEJsgY7tDrx3jXByWj4D+RiVMsHrYW90OJGXgkt1AijAsHGhSR+YVcU6hAMk40xRuo8xA0CcQNecebbo1crpt/N9UEYco1hf10ivsxy4423fPswXkkWaGwqkZBiCp0AHrbANXiDQQmoRZ5+xqTkWGQwwIyigh5g+q7jOW+iQ+j4/8eQ1k5p9i5V7OwrCykiffBkT5NnE5ckvMWh11MRhGp4Cv/94P7Jn6JBcgKEco0BGAWUVl2r5fc4r77CCYhNTjnzBChYlKNr9BMJMmySl0eGeJ9tgccQWEIkdUb1GVj9jEsG+Sc7GmMXOJtC3ua0cIERMmcXAGXWUdGzoG+W/E0Ri5xnlzBagi950FRMnMsr5jTqRkokIPUtYQpzjm3ZwLJTf9hGUkn18tWjqlWyKQAIM45BxfghlGV/cclo6W4LCVMAitEiVqQp/D1OXipiDlf1gKOgeqgKYDxKTfxEJXrATaX4HupVithz5dyzb+NkVVIBLAlo4qahvEFugLXK5vQctVonmEW1XwPGBARMAHFbByM0NSDXEHjubmwi5YO1pssq5JvkLS21m6DBFXMujGTLsgheRaR0Wnb7TQIUp6KJLffrvf7+xdTTdAfGBBKO4G1rDRNcwQyL8IcTPfg3c+7D+tkWdO09trb/uREKpUrnj9W22ttpLV9pS3LAf7IcyaytrCsdtpAKktl1TxSgX+2Hz0G2k9NpqDi8VyxeHl+/g4qXiy+u1jTAnKOoyvYazsVtyqQUeV8rdxUVbVZVy/6k1ATqZQJBJSzBPHOf1LavmtEftc76vZlv27LNg+LwXrnYsJCwYAcAhE7f6ytrbVpQPxsDt8ekYhjkdWUS14ggykeP6d5g8ZtmxvbkZNV0nSiqakJFiCUhcV9Soy4XZCh4xeay03vBmn70YSbhwoEkOJrlBDxWkHsOvav3ESyouxPunH8gOLFtxRv4LWZteB8fbxPgJ7wuzc8/kC5S0qIeAG5X1dO1GoqugpTqdf/TBHC4w8UL+6TiVo6Fx7de+wgK014+WVZfbROxvEHihcfE32B0wKCeE4M49PeWp8kZVswECgjEhEnoEXiqYPWvvDBCQIiE3Fq5kh72traI1+cQKBc8ZGXiNPFMoR8az/u++MEAgGiC88bxQnIc//W2luKs4UBAvOroAi5D4tlhepsoYDiuXO3eQsBIrU5wwF5OwY+QM6DO+0RS3jYgDwh4mPbrpNIpvCwAcWLF7JooPZ6pEA/O62bT+vjrCHGhGMDcnepnLZ9MNvW3kYK5M45TgetmBW1f2bNOEagx4474zmtWLHWp70fLVDuHV5E2h4foKXSyCLkXI3z2sbCLpTTfooWKF7Ea4jXRiNmc3LEphAvPsKIuB0QYYV7ETUQ7grcbgnFNknWok45bI+O38bp7mDjNNpOwWlz/PbqsSJi921GoPMBEMfjoUHKaY9Zi4gRaODbGseL7AdFxN77sAHFi/av5vnhEYOZSGZdDjED2TsLPG8nws6HmH2bFchetfI8YcXOUyIHsiYivhdvD+4aihzImoj4XupjG3fkKWdPRJw/Ice+ATdqU7AnIs43QNj3EkZt2/YqnPM1p9ZN7FFPrIDIACrxvovIan2YV3isQEUhJWT7XNTNqb1Pwv0eInNuXWPECQGEZlYBtxChfo7dtdmB0Gbj4CMNuAl9Kh67J7CbApqIRNy1tqeFKSF2IOjb/C6KwYRCxBwgZiC08SPmg/SWSiEyLgQQdAURPLFYNUTGsQOBIuJ/U6Gh2y32AIUAyq0J+1icX9gDxA4ElkSiPiz0CTtOGKDc5G9ieA5m50YDlJq9FMHzZDY7KqDC7FMBQIVsNjuSGsrNZbOzT7jzHMxms4XRRAgAFfgn3dPCyICyUP9PQPA3z3EHeoJSbgSdQjwOgQS4AgAKY3PsAZosCDGF2GVhREATMEL8eVDOjQQoVRCScbHYXCHMRMQOBKchETwwRCFsLgyQmADBEI0ESFSAYIhC+DYzULwgKkDQ6NhdgTlAkwURFmcqxAKCGSg1eyAO6KAQ/TbWXF8cD/CF6CNU0EUC6cxErEBxgQkHdRA1kKD9BFvMGyXXJECxWNRAAtpspyI+8JoUzRP7LVqgnGge5iJiBBLtCTHmImLMOOElxJxzjBESTQMVJdCvomGg2EJ0fQLEGCIWnHGoIKiDqIDGwOIMxaMBEj+p2ooEaHIsHMHQr1EAjU3CQQVvlgQDiWZw6DKQ6HoFKHYQuEMXCDRGFRRDu6hXBBqXOciUPpsNIAoEEo3gEjwt8q2j6waEzkWvEiHxKzun+vCU32+rOwhovEzOBMoW5ob8kJXxA7pEQICIFqTrBvTUAKIXUhDQeE1DOBDliOW6AR3YQNkCMUjXGIhcSdcaCAaJ9QPzrgeQEaQJGhD80MmxB5rNZj1IZKBcbnJuzoM0Xr0pCQgmHlZLg+CkwAPeCI0dUMELZDIBASzjM07jqblCAfB4c074uRCu54fdBpHHZIJQ8cnJ1Fy2gLgJPMXff3w/Nv917mG3UjmhAiEoQ2ZtESwhXtw/ko7e66JRoPRKJZmsrPsCObyCxBPPvT6SpKMjUZeg4zzdJFDlklxDXp4UkccAAkjiiZJIladMQEQ7wIEkSTTP3W4IIJBuFJ547p0BdPSHYKBuiAgVJmg4AGg9b0ToSCzPBxMoGVxDhTlaujmBngkF+lgxeI7nAnkobuAB+kUo0KEFdKXw4EDSe4E4zw/NhEvSGwWW8DiAzv7YFeTd+nG3wgQUGB4HEJhexVidbvkB1IsrhQeoOAASVUjHSSYglvBAoH0cSITXPe+yABWyPnOPD5CA6eiwwgDk0xq4gX53AXEPkSNAZCDGbCMCSWeceZ4HAwEzYOaJF/908khHOl+gj5UAoDDhgUBnbiDOOXeY9AUqZCfD4AAgyQ3E2bmTvkChsg0pd+Qm4rwycpaQs1MImW2I59IDxNe4dRdQcoipxwG0nvcAce3oXCaXrFwh26Dc8yp3V3ADWUU0RLYZQO5pyLUY15/rowX6QAQaKtsMII8lDICe3D3uAh0/5wqUDNXoeEQwOQn5tn43aS1SundHCHTXAwRCFHLqwXnOCUDv0R4zNoF3R7ih7wVKDh8eoslJ+bMPya6jH6kcjhCo4uap9IfniRd/dgPlpY2k503r8gRKJq8C9KcXh6DuB65AL4rDA7HggCz4OCqe73cahJfrD0uUix8x4ECNBudT5uY2AWj4MsqtHzHhjMbnPmVuZZaJQEMT2Y2PP85Icg7iZDLL/yACDZt1pifk8/44MEQRtwsGDh0oWTkpDtOaHiGcV0E48AX0CHFeLj/IZPyBkpXj8N0p6hOYcJJRNkAvH1g4AOgvGtAwQQJ9AisO/P3dw7sRJN6nzAAHyAcoWUn2i6HaIFBCGz6/jxClbvfj1fyu8/lWxinfAVSSJ3H2MBXjgV5AeIkrpV4nveziWQ54RyuVF2xhyhXjJ4Sug0FX6IP0jEc3Gd7D5MlEAFNueByoYcPzZZ4AxJQlgKmfo0FBmv7x8DhDzkmfPs9vuusHptwZYxVXKscn/XixaP3fzOZ/1FwEMCfHlSFwGg3rlYdpG76n5zfTaRLQ1xC2BMZ9fHLS708al/5N9PsnL5LDwACcjYtvF0nrtUPSdN7Mn6ahSEDUmZVOhWkYFqRvp5ubp6c7BlK4VrX35Z6BQwTynYhGpcZGehMNaPP0G0QK43OfMvOb6bQPEIPNRc5zlrbHBJA2GuxF9P0Uw6EAnfHnuXkLG9Tm6T9fHTPR6Fbp+AItz3DOOcCTueUY1ubpv/7Wg3ne3HPhkIECmp+R8LiAgE7vBSG9dEeHCsQ2tUbK4wUCSPPf/bLt833vP6EAUVbho+QhAaXT8xlqkDqnm6R/kU4TU26ZI88G4iEDpTfnKZcTd+6RcWhAYZqFSHgoQOn0PTLRA0p8KEDcQmTmGxBtfOlNsh9Qn08BIu02joDnq8VDBzp9QwCi81CAwOTKgaixbfPQgdL3vMbwneDXAUCZzOhxNj5ji2X6CDf/DhMgKpDf5k8kOI2Zm/jr+QzxnvvM3C9A9AiNlKjR+Jpx7mX4DPHUHSK/ANGBAFFyREiNxlnmpuvV/MboqqKXfgFKPyDCGESZcFtqzDxfPTj+QC6j83sqrTs1dXN7BEHayLg3zoAe+A7yPs7zyTfjIJJfkJbfN66weUPQK+nCw/OA1ibYIXqJAX2mNgmY6Ew3b3zsRoXUSL7K56VvTqBAGqDNWwOeTlCALFECtfzlxo3X0SBtSHl4+PUX9tsZYJDuf7KB3vhagouJRHTr3zcAUsV78UK44Gy8yptHecthaYA2v7B5tkuUxLsB9ex4+DA1rOBA7dhA/kbglO3cL6nrBoLIPA/eIKIbvdfJYZgcNDDjBiUUYmin1uI1w2IJ/kBG0hlhCs208cpBg2dcqJxLp0NaAhR9Srox0LPXx11GqA1YN+7rYnYwoDA5d78X3Ma5RfVuK+kwqAqgomI1IIvkhZFcHhcm58yeO8S/8GvrBkmHU70+hAeIthqoqwAoiIUE48q4UEBGt9Aj7vSEB3IknRvMVO+9hECoKJ6MC1dE83AqWogk4zLG9Bqg90d+IJZcuRxieKf/icWe/DcCjzPfy++R8Lj7uBDDg7slv4XJON+2m1xGmN4y8TgtIWTO3X/6P9GcvxbPIK8XAAAAAElFTkSuQmCC'),
(6, 'Teste jj', 'testejj@teste.com', '81dc9bdb52d04dc20036dbd8313ed055', 'data:image/jpeg;base64,/9j/4AAQSkZJRgABAQAAAQABAAD/2wCEAAkGBwgHBgkIBwgKCgkLDRYPDQwMDRsUFRAWIB0iIiAdHx8kKDQsJCYxJx8fLT0tMTU3Ojo6Iys/RD84QzQ5OjcBCgoKDQwNGg8PGjclHyU3Nzc3Nzc3Nzc3Nzc3Nzc3Nzc3Nzc3Nzc3Nzc3Nzc3Nzc3Nzc3Nzc3Nzc3Nzc3Nzc3N//AABEIAJQAlAMBIgACEQEDEQH/xAAbAAEAAgMBAQAAAAAAAAAAAAAAAQUCBAcGA//EADsQAAEDAwIDBgQDBgYDAAAAAAEAAgMEBRESIQYxURMiQWFxkQcUUqEyQmIVcoGxweEjM8LR8PEWJEP/xAAaAQEBAQEBAQEAAAAAAAAAAAAAAQIEAwUG/8QAIxEBAQACAgICAQUAAAAAAAAAAAECEQMhEjEEE3EFIjJBUf/aAAwDAQACEQMRAD8Aq0RF5PzQiIgIiICIpx6+yBg+SaXdEwP1KdJ+lyDHBRTod0KEOHgfZBCIiAiIgIiICIiAiIgIiIG6boD6LLB+n7oI38lIz0Humk/QFl3vpCJtiXj6fuo1j6T7rMuIAJZz8Qge5x0tjJd9LdygwyTyDvdO90KuouGrzNQOrWUhbE0E6XHDyB4gKlDnEZ8Crpu45Y68ohEJRRkREQEREBERAREQEQZTPkUGQ9G+y+tNTVNXMIaWmM0h5MYN1v8ADvD897nkxKIaaIZlncNm/wB1cV3FNvs7prJwlHTOqxTkm4SP7gd0zjd3QdVdOnh+NeTu9R8qHgi6zNEtYKeihwS50rt2jzC3zwlZ6MPNyvUDXQR9rMxoAwzfB6+C55xFfKqsZOy63atnqpadgETYzAyM+LZGHc+qoqK33W7yf+lSVdY522tjXOG3Iajt7la6dM4eLHrx26tV1Hw/s4BqKl1bIYhOxkZLg4H8I26qvqfidZrc10fD1gadLW9lJIAwZP4gfHyHmqS1/C2/VDBNcTTWuDm507w5w9QNvur230vB3CbtdEH366xnZ5ILI3ev4QmnrMfGepjF7a75eobNW8S8TgQdox0dvt7RpOHEEZ6nYAZ8M8l4OINZCxjx3gACR4+a37pcrheKwVlyeHvZ/lxMOGQ+g/qtQyd3JjLcLNrg+TzfZlJPUYHR1PsoOPArIuY48yAfTZYkNAzrHso5/SEU4y0vaSW/VjI91Cq+hERRBERAREQBlZAk4A3cTjGPFQrDh6IVF8oIn4IfO0H+aNYzeWlpxvUssXD9s4ZgqRTS3A66ufTnQ3x2HU4GF5iBhMUAZBEykne6ORge2lpKhkQOHjT32vz1U/Eu5VMXxFqaimlkjmpezZG5hwQAM7e60IhDcH9lQ0re1qKprxAZM10WN3OY9wDQHc1qvrer4z+nueGKXgxlEb5eK0XOsdh80lQxzxCfBuMYGOQJ91d3P4j2y0fOQ09vLZKNjXOike2Jzw7loAznnn0XLagure3lL5XOr7gIhJV1rI43tZzbM1mC3972WpNW0rI6mP5kQRyXBr30tPEHmONvJ0czjnboQjf2anTo9w+KVvlbViSko6llPEySMay4Tl2MtG2xGTz22K+R4r4TqfmfmbLSOipo4nvmpZGku14GGDALiCcHouf1d4iqXVOquuR+YuTZpG4jbqiaNnctpBttyWFddoqhlbMKj5qWpuAldFU0rcuibnQ5zwfEAAtAHNNsZZ+U1XQY3/D2qiFZHd5qeJo1GneTq/kT7FQ7iLge19n+zKaS61UzgGsldgR+pdsFyueRtZWTShkVO2WRzwxgwyME5wOg8F9YYKMyCOepfk7a2Dujy3S1eH485LrHGR1iXinhSOunorlZqSn7MAyzMlbIDn6C0d77Ktl424JtuXWyyTVjxnD59seY1Z2XlLTwxQ1daIay+Q29hI0drF/mdRqzhp6Egrqth4B4at0JqKaFl0qIh+J8odl2Dt0GQfTySWV7c3xOXhzuGeMliq4U4vvHEt4io/8Axynitbw4SyaHdwAdTtnlsvN3uKngvFbDSPBgjmc1gBzjyXpeJL7xTFE+nbbmWekxpzG3tCW4x+Md0fwC8WxgY0NbyHJK+d8vPGzxntKIiy4RERAREQFt2ioNHcqSqxtFM1xPllaigjVsfFFl1drD4o8P1L+Ka25xdyiNG2pNQ78JI20j9R2wqFktbc+CbhU1vbVfylZEymldl7o8jvjO504x5L2/FLq27/CuH5SR07qORvzjMd8hp/psfReZ4F4d4r/bEElFHWUdNBPG6pbJIY2vYdzlh2eC3yPNbfX6t8p6seHG++2Dywt612ypuUkvy7o44YWdpPUVDtEUDeQLnYPM7ADJJ5BdLvdm+GsV1qYKllxpZmPPaOpe2kYT44wHY9AApuHDdpu3As1NwK97+xqhU1LKjW2abDSPzAHlyGADv4ok4u/bltfFR08rY6Ku+dj096X5cxDPiAHEk+G5A58lr8/QrYoK2ppZnPptDnFhDmywMnaWjdwLHgjkM8tt911jhemtNbwpWXm/cD2yKWlhE8b46NscdXGWamlmRzxt0yRy3AM48fl3XHnPawd9wDRzyQAre08MX67xultloq5o9Oe00BjXfuudgO/guiQ8TUNC/VZuB7RRv8JXFoeOhwyP/UtWu4t4mrXAyXMUrB/86KEMH8S7U77gKdPP7OHG/wAt/h5F9m4roGthksl0LB4CidK0eWWgpRU9+pZ2yUtivdNKMd+lo52H204XrIuKuKI/w3yaQD8stNC4e4aD919HcZ8VYI/acQHUUbFNR1T9RlmssrZP97WPBl449qbhDTV1rqJra52JpblT9i9jcdTgu9jzVJxM2ij4grYrcG/LsfgaT3Q782PLK+dXfuIK6N0VZfa18bubI2shz5ZY0O+6r42NjYGNGAPAJfTh+T8jDkmoyREUcQiIgIiIClQpQWNmvVxskz5bc5hbIMSRSgljx/QrbuPFnEdyjMElVFSwOOdNExzH46a9WfbC81b5XS0+uQlzg5zSc9CVlWzuhpHOiyJXYazJ/MTsrt7zk5cf2StpkWhuGsOPfP8AurOwXOWy3WO4xQPlw0skjGAXsJGQMnyzuqSikmOuCcl80btJcPzDmDhfJkldVSmankLYY5QwMIB7QA4c4ny3x6JtnGZ45+Uvb28PFNltwLrHwnK2UdoY5ajSzDn/AIt8udjYeWBgbKqvV8vN7/w7hOI6TLXCjpm4ZkHILie8cEA9NuSoa6abtGUtNkTzZJecHs2DGp38gPMrF8tdRsbLPJHPCSGkhulzcnGroeYTb1z5uXOa3rbfOrG7XnHhpysC7bHeGP0/3VcXzVlTNFNUPhjheWiCN2l7v1E89/DC+sjKuKKOKgkaGjJcZ9Tz/NRz/XJO62i7o45/dCjW/wD4FVMbcH1skUte5oaxrv8ADjAG+euVnVSXCB1PFFUROEji0yTM3zz5DAVanFN6lix1uKHdalOJnTES1okcwd6NjAB/HmVtIzljqiIijIiIgIiIClQiCsoqkQwuYYJ3PEjtmxncZ6qJ4Zay4xRuqHsjDe1LA0AsPID15q0WDI2MldKGgOcACeoVe85JLvTTipYqa6NIle8yQnBe8nBB/us6GrgpKKKGaQsmjGl0YaS4u8gt7DC4EhpcORIWeASMhm3mjF5ZZrJXCSWnrTV1jXNbLCGDQC7s8OJwceRHsvo50lxe1rWPZRtcHvc/YyEHIAHTODlb2OhAz0Kx0NG5cdvJRPsjWrpbf2xjrXRdq1oI15z48jz8FFrlcYH6tfZaz2Pafi0f95x5LZLYnEFwJI8Shczq73RLnLjpqtLv2rM4t7vYsAONjuVr3aGJ7oZ5QXNZINYycBvorDLfNQizPVladPUUgkZDRMY5rs6jG3ZuOpW4gaByAHoiJlZfQiIjIiIgIiICIiAiIgkeizAd0XzTfzQfXvplw64XyyfNTkdPuiM9Y/V9lGpvQqMt81GG+BKAS3wBUJgdURRERAREQEREBERAREQEREBSoRBlqd1KjWeqhEE5UIiBhERAREQEREBERAREQEREBERAREQEREBERAREQEREBERAREQf/9k=');

-- --------------------------------------------------------

--
-- Estrutura para tabela `videos`
--

CREATE TABLE `videos` (
  `id` int(11) NOT NULL,
  `url` varchar(255) NOT NULL,
  `name` varchar(255) NOT NULL
) ENGINE=InnoDB DEFAULT CHARSET=utf8mb4 COLLATE=utf8mb4_general_ci;

--
-- Despejando dados para a tabela `videos`
--

INSERT INTO `videos` (`id`, `url`, `name`) VALUES
(1, 'https://www.youtube.com/embed/BKATrAAWrRo', 'CSS EM 15 MINUTOS! ESTILIZAÇÃO, POSITION E MAIS...'),
(2, 'https://www.youtube.com/embed/-FQP7hD-J6A', 'TODAS AS TAGS HTML QUE VOCÊ PRECISA SABER');

--
-- Índices para tabelas despejadas
--

--
-- Índices de tabela `comments`
--
ALTER TABLE `comments`
  ADD PRIMARY KEY (`id`),
  ADD KEY `user_x_comment` (`userid`),
  ADD KEY `video_x_comment` (`videoid`);

--
-- Índices de tabela `users`
--
ALTER TABLE `users`
  ADD PRIMARY KEY (`id`);

--
-- Índices de tabela `videos`
--
ALTER TABLE `videos`
  ADD PRIMARY KEY (`id`);

--
-- AUTO_INCREMENT para tabelas despejadas
--

--
-- AUTO_INCREMENT de tabela `comments`
--
ALTER TABLE `comments`
  MODIFY `id` int(11) NOT NULL AUTO_INCREMENT, AUTO_INCREMENT=23;

--
-- AUTO_INCREMENT de tabela `users`
--
ALTER TABLE `users`
  MODIFY `id` int(11) NOT NULL AUTO_INCREMENT, AUTO_INCREMENT=7;

--
-- AUTO_INCREMENT de tabela `videos`
--
ALTER TABLE `videos`
  MODIFY `id` int(11) NOT NULL AUTO_INCREMENT, AUTO_INCREMENT=3;

--
-- Restrições para tabelas despejadas
--

--
-- Restrições para tabelas `comments`
--
ALTER TABLE `comments`
  ADD CONSTRAINT `user_x_comment` FOREIGN KEY (`userid`) REFERENCES `users` (`id`),
  ADD CONSTRAINT `video_x_comment` FOREIGN KEY (`videoid`) REFERENCES `videos` (`id`);
COMMIT;

/*!40101 SET CHARACTER_SET_CLIENT=@OLD_CHARACTER_SET_CLIENT */;
/*!40101 SET CHARACTER_SET_RESULTS=@OLD_CHARACTER_SET_RESULTS */;
/*!40101 SET COLLATION_CONNECTION=@OLD_COLLATION_CONNECTION */;
